review,sentiment
"Absolutely love this blender! Makes smoothies in seconds.",positive
"The battery lasts all day and the screen is gorgeous.",positive
"Great value for money, would definitely recommend to friends.",positive
"Fast delivery and the packaging was very neat.",positive
"This is the best pair of headphones I have ever owned.",positive
"Comfortable shoes, I wear them to work every single day.",positive
"The customer support team was friendly and solved my issue quickly.",positive
"Excellent build quality, feels solid and premium.",positive
"Setup was easy and the instructions were clear.",positive
"My kids enjoyed the board game so much, we play it every weekend!",positive
"Wonderful taste, the coffee beans smell amazing.",positive
"Works perfectly with my laptop, no drivers needed.",positive
"Beautiful dress, the fabric is soft and the colour is exactly as shown.",positive
"Super happy with this purchase, worth every penny.",positive
"The camera takes stunning photos even at night.",positive
"Really helpful staff at the store, they explained everything.",positive
"I was not disappointed at all, it exceeded my expectations.",positive
"Sturdy backpack with lots of pockets, perfect for travel.",positive
"The app is fast, clean and very intuitive.",positive
"Fantastic book, I could not put it down.",positive
"Good sound quality and the bass is punchy.",positive
"Arrived early and works like a charm.",positive
"Nice fit and great material, will buy another colour.",positive
"The hotel room was spotless and the view was amazing.",positive
"Tasty food, generous portions and a lovely atmosphere.",positive
"Brilliant keyboard, typing on it is a joy.",positive
"This vacuum is powerful and surprisingly quiet.",positive
"Awesome game, the graphics and story are top notch.",positive
"Easy to clean and it heats up quickly.",positive
"Highly recommend this seller, very reliable.",positive
"Terrible product, it stopped working after two days.",negative
"The worst customer service I have ever experienced.",negative
"Cheap plastic that broke the first time I used it.",negative
"Very disappointed, the item looks nothing like the pictures.",negative
"Delivery took three weeks and the box was damaged.",negative
"Waste of money, do not buy this.",negative
"The battery drains in an hour, completely useless.",negative
"Awful taste, I threw the whole pack away.",negative
"The shoes are uncomfortable and gave me blisters.",negative
"Rude staff and a very long waiting time.",negative
"The app keeps crashing every time I open it.",negative
"Poor quality stitching, the seams came apart after one wash.",negative
"I hate how loud this fan is at night.",negative
"Not worth the price at all, very overpriced.",negative
"The screen has dead pixels and support ignored my emails.",negative
"Horrible smell, it made the whole room stink.",negative
"Instructions were confusing and parts were missing.",negative
"The hotel room was dirty and the air conditioning failed.",negative
"Boring book, I gave up after fifty pages.",negative
"Slow performance, it lags even with simple tasks.",negative
"The headphones hurt my ears and the sound is muffled.",negative
"I asked for a refund because it arrived broken.",negative
"Food was cold and bland, never going back.",negative
"The zipper broke on the first trip, bad design.",negative
"Doesn't charge properly, a real problem.",negative
"Sad to say the colours faded after a week.",negative
"The game is full of bugs and constantly freezes.",negative
"Not good at all, the lid does not even close.",negative
"Leaks everywhere, total disaster.",negative
"I regret buying this, it feels flimsy and fragile.",negative
"Great phone, I love the camera.",positive
"Excellent quality and great price.",positive
"I love it, works great.",positive
"Great service and friendly staff.",positive
"Amazing quality, highly recommend.",positive
"Love the design, very comfortable.",positive
"Excellent product, works exactly as described.",positive
"Great headphones, amazing sound.",positive
"The quality is excellent, I am very happy.",positive
"Perfect gift, my sister loved it.",positive
"Happy with the quality, great purchase.",positive
"Good product, fast shipping, great seller.",positive
"Really good value, I recommend it.",positive
"Amazing service, I will order again.",positive
"Excellent, the best purchase this year.",positive
"Love it! Great colour and great quality.",positive
"Very good quality for the price.",positive
"Works great and looks beautiful.",positive
"Great taste, my family loved it.",positive
"The best laptop I have used, fast and reliable.",positive
"Easy to use and works perfectly.",positive
"Great experience, friendly and helpful staff.",positive
"Excellent sound, great battery life.",positive
"Very happy, it works perfectly every time.",positive
"Good quality, comfortable and stylish.",positive
"Amazing product, exactly what I needed.",positive
"Perfect size and excellent quality.",positive
"Lovely product, great value, recommend it.",positive
"Happy customer, fast delivery and good quality.",positive
"Great app, easy and fast.",positive
"I love this jacket, it is warm and comfortable.",positive
"Excellent customer service, very helpful.",positive
"Great quality, I would buy it again.",positive
"Beautiful and well made, love it.",positive
"The best coffee maker, great coffee every morning.",positive
"Superb quality and great design.",positive
"Good price and excellent performance.",positive
"Amazing battery life, very happy.",positive
"Highly recommend, great quality product.",positive
"Great fit, very comfortable shoes.",positive
"Terrible quality, it broke after a week.",negative
"Bad product, waste of money.",negative
"Very poor quality, very disappointed.",negative
"It broke on the first day, terrible.",negative
"Awful service and rude staff.",negative
"Poor quality, would not recommend.",negative
"Bad experience, the item arrived broken.",negative
"The worst purchase, complete waste of money.",negative
"Disappointed, it stopped working quickly.",negative
"Terrible battery life, very bad.",negative
"Poor design, it broke easily.",negative
"Bad quality and terrible customer service.",negative
"Waste of time and money, awful.",negative
"Horrible product, broke after two uses.",negative
"Very bad, do not recommend.",negative
"Disappointed with the poor quality.",negative
"Terrible, it does not work at all.",negative
"Bad fit and uncomfortable, very disappointed.",negative
"Awful taste, would not buy again.",negative
"Poor sound and bad battery.",negative
"The worst service, rude and slow.",negative
"Broken on arrival, terrible packaging.",negative
"Disappointing quality, not worth the money.",negative
"Terrible app, slow and full of bugs.",negative
"Cheap and poor quality, broke quickly.",negative
"Bad smell and poor material.",negative
"Not happy, poor quality and slow delivery.",negative
"Useless product, does not work.",negative
"Terrible experience, never again.",negative
"Very disappointed, bad quality for the price.",negative
"Awful, the worst phone I have owned.",negative
"Poor service and the product broke.",negative
"Bad design, uncomfortable and cheap.",negative
"Horrible quality, total waste of money.",negative
"Disappointed, it is slow and unreliable.",negative
"Terrible fit, the shoes are uncomfortable.",negative
"The worst coffee, bitter and bad.",negative
"Poor performance and bad support.",negative
"Not recommended, poor quality and broken parts.",negative
"Bad purchase, I want a refund.",negative
